{
  "parent": "cyan:root",
  "display": {
    "icon": {
      "item": "minecraft:golden_apple"
    },
    "title": {
      "translate": "cyan.advancements.golden_apple.title"
    },
    "description": {
      "translate": "cyan.advancements.golden_apple.description"
    },
    "frame": "goal",
    "show_toast": true,
    "announce_to_chat": true,
    "hidden": false
  },
  "criteria": {
    "golden_apple": {
      "trigger": "minecraft:consume_item",
      "conditions": {
        "item": {
          "items": [
            "minecraft:golden_apple"
          ]
        }
      }
    }
  }
}