{
  "parent": "cyan:root",
  "display": {
    "icon": {
      "item": "minecraft:netherite_sword"
    },
    "title": {
      "translate": "cyan.advancements.netherite_sword.title"
    },
    "description": {
      "translate": "cyan.advancements.netherite_sword.description"
    },
    "frame": "challenge",
    "show_toast": true,
    "announce_to_chat": true,
    "hidden": false
  },
  "rewards": {
    "experience": 100
  },
  "criteria": {
    "sword": {
      "trigger": "minecraft:inventory_changed",
      "conditions": {
        "items": [
          {
            "items": [
              "minecraft:netherite_sword"
            ]
          }
        ]
      }
    }
  },
  "requirements": [
    [
      "sword"
    ]
  ]
}