{
  "display": {
    "icon": {
      "item": "minecraft:player_head",
      "nbt": "{SkullOwner: 'Raphoulfifou'}"
    },
    "title": {
      "translate": "Raphoulfifou's datapack"
    },
    "description": {
      "translate": "Datapacks for a better experience of Minecraft"
    },
    "announce_to_chat": false,
    "show_toast": false,
    "background": "minecraft:textures/block/deepslate.png"
  },
  "criteria": {
    "tick": {
      "trigger": "minecraft:tick"
    }
  }
}